Number,NumberR,Time
1933,773,1
1663,109,0
1109,211,1
4751,739,0
1423,397,0
4817,431,0
2141,491,0
1451,113,0
1867,863,1
2557,673,0
7451,569,1
4003,283,0
2267,107,0
6637,223,0
7547,449,0
2677,191,1
2341,677,0
2557,137,0
1609,127,0
2687,263,0
6047,127,0
2311,149,0
2477,349,0
1879,401,0
1237,113,0
2843,229,0
5953,409,0
1129,251,0
2617,127,0
7949,433,0
3709,101,0
5743,241,0
1831,503,0
1453,523,0
2179,157,0
2887,929,1
2017,919,0
1979,251,0
1901,151,0
1021,977,0
3319,983,0
4297,467,0
8707,769,0
1049,569,0
3221,109,0
7823,311,0
8837,877,0
3833,271,0
3023,157,0
1493,401,0
3433,233,0
2591,179,0
1373,293,0
3119,449,0
2081,467,0
1723,691,0
1709,383,0
1303,347,0
8167,383,0
9109,157,0
1543,269,0
2473,491,0
9941,569,0
5171,137,0
5843,127,0
7789,439,0
1663,607,0
7211,929,1
1877,157,0
6451,229,0
50551,101,0
50551,2003,1
67547,139,0
67547,3821,1
24473,103,0
24473,2521,1
81637,269,0
81637,4157,1
51419,797,0
51419,3833,1
20477,821,0
20477,5273,2
53993,241,0
53993,1787,1
51043,709,0
51043,2843,1
27017,103,0
27017,2683,1
95467,883,0
95467,2687,0
95633,457,0
95633,3929,1
79043,541,0
79043,1237,0
39181,313,1
39181,9343,2
21317,103,0
21317,4919,0
30469,199,0
30469,1667,0
84463,191,0
84463,4831,1
13151,151,0
13151,6007,1
53353,419,0
53353,1103,0
52627,409,0
52627,1021,0
51131,487,0
51131,7309,1
63907,599,1
63907,1321,0
75269,409,0
75269,1093,0
31237,251,0
31237,3181,0
51349,227,0
51349,6911,1
11909,167,0
11909,1553,0
39791,127,0
39791,2819,0
28927,109,0
28927,1811,0
14537,521,0
14537,6353,1
31541,173,0
31541,3583,0
13763,173,0
13763,5039,1
29311,101,0
29311,1723,0
22013,373,0
22013,4093,1
59509,461,0
59509,1493,0
25759,587,0
25759,1163,0
12757,233,0
12757,1721,0
91309,211,0
91309,1847,1
13037,137,0
13037,1613,0
50023,293,0
50023,9887,1
54013,709,0
54013,2347,1
96149,353,0
96149,2719,1
15473,101,0
15473,1289,0
75931,739,0
75931,7499,3
24623,853,0
24623,3593,0
96587,937,0
96587,1607,0
41521,821,0
41521,1171,0
71479,257,0
71479,2833,0
86287,241,0
86287,2851,0
10211,839,0
10211,7013,1
11311,571,0
11311,2791,1
71663,487,0
71663,6763,1
16057,887,0
16057,7039,1
13309,509,0
13309,2693,0
11813,151,0
11813,5417,1
37879,691,0
37879,2731,1
18947,109,0
18947,2477,0
55849,109,0
55849,3917,1
14009,997,0
14009,3967,0
22193,107,0
22193,4861,1
27779,503,0
27779,3917,0
23459,619,0
23459,3659,1
22133,239,0
22133,1693,1
23201,313,0
23201,3049,1
47659,131,0
47659,2741,0
15199,823,0
15199,5419,1
14869,241,0
14869,2357,0
41981,139,0
41981,3877,0
11093,113,0
11093,1361,1
11321,167,0
11321,4567,1
44257,113,0
44257,7949,1
53087,131,0
53087,7607,1
681563,541,0
681563,8893,2
681563,85469,12
245671,653,0
245671,1381,0
245671,20249,4
164057,359,0
164057,4001,0
164057,47837,6
343153,479,0
343153,7669,1
343153,53299,6
168851,241,0
168851,1361,0
168851,50857,7
759973,859,0
759973,2531,0
759973,55207,7
257053,149,0
257053,6577,1
257053,44249,6
123551,307,0
123551,2011,0
123551,24049,3
372613,373,0
372613,4457,0
372613,31267,5
316937,139,0
316937,6803,1
316937,11393,2
365797,397,0
365797,2053,0
365797,23057,3
222679,193,0
222679,7459,1
222679,39139,5
407177,521,0
407177,1259,1
407177,15131,2
234539,269,0
234539,1427,0
234539,54983,8
385391,211,0
385391,5857,1
385391,10903,0
134807,163,0
134807,3319,1
134807,38083,5
775309,941,0
775309,1487,0
775309,37199,5
699757,109,0
699757,2039,0
699757,52387,9
967787,127,0
967787,3673,0
967787,66173,11
493583,503,0
493583,3319,0
493583,11411,2
597677,107,0
597677,1601,0
597677,25229,4
837631,887,0
837631,2543,0
837631,51203,8
108761,109,0
108761,4969,1
108761,13417,2
914629,479,0
914629,2879,0
914629,58511,8
238837,701,0
238837,3307,0
238837,65777,8
814771,107,0
814771,3463,1
814771,26723,3
218719,113,0
218719,3307,0
218719,29387,4
230327,673,0
230327,5231,1
230327,73061,10
815953,127,0
815953,1931,0
815953,14969,2
404489,113,0
404489,2671,1
404489,11083,2
153941,727,0
153941,1931,0
153941,32069,5
339103,113,0
339103,7919,1
339103,92987,13
100669,647,1
100669,3209,0
100669,21061,3
172259,359,0
172259,1409,1
172259,88747,13
348709,383,0
348709,5419,1
348709,20593,2
110359,199,1
110359,3251,0
110359,63389,9
908081,163,0
908081,6947,1
908081,44701,6
384481,181,0
384481,3539,0
384481,96847,13
159553,983,0
159553,3373,0
159553,23879,3
245321,467,0
245321,9043,1
245321,82471,12
191281,349,0
191281,1889,1
191281,12409,1
127867,103,1
127867,1973,0
127867,10651,1
651067,479,0
651067,1619,1
651067,13751,1
199103,223,0
199103,1531,0
199103,23741,3
468893,281,0
468893,9283,1
468893,62303,9
925339,139,0
925339,1871,0
925339,60169,8
340649,197,0
340649,2027,0
340649,12611,2
354661,103,0
354661,2879,0
354661,20959,2
148723,541,0
148723,4111,1
148723,34313,4
488441,659,0
488441,8293,1
488441,31237,3
906011,439,0
906011,3911,0
906011,99623,14
247501,223,0
247501,2687,0
247501,33811,5
262051,587,0
262051,1213,0
262051,31397,4
112741,557,0
112741,1831,1
112741,98621,13
641371,197,0
641371,3359,1
641371,12799,2
642581,103,0
642581,3083,0
642581,31091,4
205837,331,0
205837,7307,1
205837,52021,7
121501,109,0
121501,3413,1
121501,57373,7
817727,157,0
817727,1493,0
817727,86767,11
121993,929,0
121993,1231,0
121993,25229,4
201491,307,0
201491,7207,1
201491,56519,8
399937,727,0
399937,1723,0
399937,11027,2
327307,967,0
327307,2243,0
327307,60169,8
479267,113,0
479267,6131,1
479267,28867,3
293453,127,0
293453,3371,0
293453,26861,4
184721,137,0
184721,9463,1
184721,15461,4
855601,113,0
855601,4651,1
855601,26573,3
409271,109,0
409271,4019,1
409271,23399,3
207953,263,0
207953,3079,1
207953,27749,3
683341,101,1
683341,3733,0
683341,64871,9
1123777,113,0
1123777,2099,0
1123777,51577,8
1123777,310229,43
1106881,223,0
1106881,3697,1
1106881,33911,5
1106881,112691,15
9036073,433,0
9036073,7247,1
9036073,78137,9
9036073,239429,45
9511871,139,0
9511871,7417,1
9511871,21559,3
9511871,311567,48
5694119,883,1
5694119,1423,0
5694119,13007,2
5694119,685417,108
8737237,643,1
8737237,2591,0
8737237,42461,6
8737237,172573,24
3082567,769,0
3082567,7321,1
3082567,14197,1
3082567,724721,104
4928389,241,0
4928389,5521,1
4928389,31891,4
4928389,282697,39
2855009,317,0
2855009,2539,0
2855009,27673,4
2855009,333449,46
1965463,401,0
1965463,1723,1
1965463,26839,3
1965463,655687,91
1954367,107,0
1954367,2371,0
1954367,12401,2
1954367,204137,27
3812257,337,0
3812257,9467,3
3812257,21911,3
3812257,162413,22
3050239,991,0
3050239,1009,0
3050239,43973,7
3050239,221509,32
7441897,373,0
7441897,2957,0
7441897,15937,2
7441897,126349,18
1142851,283,0
1142851,3307,0
1142851,37589,5
1142851,282769,39
8669443,751,0
8669443,1249,0
8669443,22637,3
8669443,157081,22
1327043,157,0
1327043,7817,1
1327043,42839,6
1327043,114571,16
3919541,433,0
3919541,1831,1
3919541,44071,7
3919541,405439,58
5032453,557,0
5032453,3167,1
5032453,72889,10
5032453,135283,19
6999017,139,0
6999017,7229,1
6999017,73517,10
6999017,105907,15
8312137,269,0
8312137,3727,0
8312137,71257,10
8312137,414061,62
8711401,733,0
8711401,8017,1
8711401,60167,8
8711401,112951,15
4996709,101,0
4996709,2887,1
4996709,78643,10
4996709,349133,49
1592663,839,0
1592663,1789,0
1592663,12659,2
1592663,391889,61
1246361,997,0
1246361,1013,0
1246361,52733,7
1246361,121039,17
5287379,173,0
5287379,1163,0
5287379,16487,3
5287379,696893,102
1150609,223,0
1150609,2069,1
1150609,20983,3
1150609,113969,15
1064533,971,0
1064533,8999,2
1064533,53309,7
1064533,664537,95
4852409,107,0
4852409,5807,1
4852409,28393,3
4852409,796781,114
8517919,317,0
8517919,3329,0
8517919,12011,2
8517919,506417,72
5978341,919,0
5978341,2213,0
5978341,13043,2
5978341,924059,132
4670867,953,0
4670867,1019,0
4670867,68927,9
4670867,350093,48
1535603,347,0
1535603,1487,0
1535603,39359,5
1535603,188999,26
1024319,233,0
1024319,8053,1
1024319,51419,7
1024319,512761,73
1894369,149,0
1894369,3613,0
1894369,98057,13
1894369,219983,30
5409161,641,0
5409161,5641,1
5409161,16823,2
5409161,602047,86
2073469,457,0
2073469,3461,1
2073469,17189,2
2073469,124121,17
6960049,127,0
6960049,1049,0
6960049,12547,2
6960049,367597,51
5322277,197,0
5322277,1307,0
5322277,82141,12
5322277,790547,117
1605103,149,0
1605103,1423,0
1605103,14177,2
1605103,193601,28
2636149,919,0
2636149,1549,0
2636149,13633,2
2636149,363967,51
3718069,449,0
3718069,1997,0
3718069,14549,2
3718069,112247,15
3499583,521,0
3499583,1151,1
3499583,22817,2
3499583,478763,70
6026263,103,0
6026263,3371,0
6026263,63599,9
6026263,625181,90
1271029,853,0
1271029,1759,0
1271029,87797,12
1271029,186793,25
1586467,593,0
1586467,7043,1
1586467,18913,3
1586467,617039,88
8183951,233,0
8183951,1439,0
8183951,22397,3
8183951,712199,104
3918491,541,0
3918491,1693,1
3918491,16703,2
3918491,717551,103
1574107,419,0
1574107,1873,0
1574107,59743,8
1574107,724393,107
3790517,103,0
3790517,1471,1
3790517,21061,2
3790517,122719,17
5540659,239,0
5540659,3461,0
5540659,49811,7
5540659,259723,37
1841821,241,0
1841821,1531,0
1841821,51109,7
1841821,145139,20
6831371,163,0
6831371,9829,1
6831371,11131,1
6831371,452821,66
8205443,127,0
8205443,1279,0
8205443,28759,4
8205443,108037,15
3063443,643,0
3063443,9739,1
3063443,23801,3
3063443,196799,28
3945059,349,0
3945059,1019,0
3945059,15647,2
3945059,759359,113
4105469,127,0
4105469,4027,1
4105469,67699,9
4105469,633667,91
7038263,257,0
7038263,2143,0
7038263,96199,13
7038263,186649,28
4698437,347,0
4698437,9377,2
4698437,12041,1
4698437,178001,23
5421089,193,0
5421089,5417,0
5421089,13997,2
5421089,217739,29
4103383,193,0
4103383,5701,1
4103383,10267,1
4103383,265819,37
1029263,181,0
1029263,1109,0
1029263,87541,12
1029263,178469,25
1136833,101,0
1136833,4547,0
1136833,41351,5
1136833,149251,21
1039327,433,1
1039327,1553,0
1039327,25841,4
1039327,875969,124
2431511,701,0
2431511,9941,1
2431511,14891,2
2431511,232451,32
8633363,677,0
8633363,1451,0
8633363,24907,3
8633363,126683,18
2188993,167,0
2188993,1277,0
2188993,58229,8
2188993,118687,16
1149817,107,0
1149817,9277,1
1149817,37361,5
1149817,127241,17
2026769,359,0
2026769,7603,1
2026769,14879,2
2026769,175069,24
4512097,107,0
4512097,5399,1
4512097,25903,4
4512097,110819,15
36327853,227,0
36327853,2417,1
36327853,51977,7
36327853,164117,23
36327853,3975247,613
24789311,827,1
24789311,1489,0
24789311,43189,5
24789311,252037,34
24789311,2048861,308
62951543,211,0
62951543,1873,0
62951543,13691,2
62951543,136333,19
62951543,6955979,1067
51786389,863,0
51786389,7247,1
51786389,88211,12
51786389,139409,19
51786389,1180073,173
12640091,641,0
12640091,8581,1
12640091,11587,3
12640091,860753,121
12640091,8200741,1246
63572149,107,0
63572149,2027,0
63572149,52813,8
63572149,496789,72
63572149,3159889,476
11997917,127,0
11997917,5879,1
11997917,14947,2
11997917,451859,66
11997917,1072543,156
34572193,127,0
34572193,4079,1
34572193,17299,2
34572193,601943,90
34572193,5616241,849
11246437,461,0
11246437,4327,0
11246437,63929,9
11246437,122453,16
11246437,9626237,1447
80747101,449,0
80747101,2399,0
80747101,24923,3
80747101,995377,146
80747101,2230577,337
28532417,457,0
28532417,3533,0
28532417,29021,4
28532417,153443,22
28532417,1579769,236
18533539,113,0
18533539,4099,0
18533539,26497,4
18533539,537787,88
18533539,3200401,482
56813893,563,0
56813893,6067,1
56813893,50273,7
56813893,284587,40
56813893,7021559,1071
25347481,397,0
25347481,1877,1
25347481,47161,6
25347481,176591,24
25347481,4223981,642
10385447,211,0
10385447,4987,1
10385447,36821,5
10385447,360589,51
10385447,7412789,1116
29623753,661,1
29623753,8999,1
29623753,15193,2
29623753,463711,67
29623753,2088731,311
38364197,179,0
38364197,1933,0
38364197,26839,4
38364197,506647,75
38364197,3551363,540
62654057,113,0
62654057,1117,0
62654057,89567,12
62654057,480521,68
62654057,3043421,462
69522151,331,0
69522151,9923,2
69522151,20731,2
69522151,104383,14
69522151,6708851,1030
16006937,809,0
16006937,1493,0
16006937,14293,2
16006937,496313,74
16006937,3005393,446
41560373,557,0
41560373,7867,1
41560373,66533,10
41560373,133087,18
41560373,3540619,530
25379099,113,0
25379099,3049,0
25379099,59887,8
25379099,548059,82
25379099,6344759,971
67834211,241,0
67834211,2789,1
67834211,26339,3
67834211,154369,22
67834211,1082743,175
33243643,787,0
33243643,7057,1
33243643,13469,2
33243643,505709,74
33243643,1033687,147
46379153,919,0
46379153,7193,1
46379153,11633,2
46379153,399197,57
46379153,4265267,640
59488529,131,0
59488529,7019,1
59488529,10477,1
59488529,517411,79
59488529,3635969,549
30869789,337,0
30869789,1559,0
30869789,87961,12
30869789,275153,39
30869789,7726207,1186
12367889,263,0
12367889,3343,0
12367889,21683,3
12367889,915557,130
12367889,4049887,604
56153267,211,0
56153267,4157,1
56153267,88897,12
56153267,261637,37
56153267,4778723,727
28022009,127,0
28022009,2753,1
28022009,31151,4
28022009,131221,18
28022009,1500533,219
23339653,131,0
23339653,3517,0
23339653,21407,3
23339653,232391,33
23339653,3819301,594
29128481,677,1
29128481,3061,0
29128481,15083,2
29128481,982903,148
29128481,3496693,536
12400247,829,0
12400247,5051,1
12400247,29411,3
12400247,159319,23
12400247,1495003,220
98795101,107,0
98795101,3637,0
98795101,29803,4
98795101,969593,149
98795101,3049349,470
52088203,149,0
52088203,1319,0
52088203,27631,4
52088203,931303,136
52088203,3608701,550
12816137,811,0
12816137,1871,0
12816137,22751,3
12816137,671729,99
12816137,8019227,1204
28440569,367,0
28440569,4019,0
28440569,10861,2
28440569,411071,58
28440569,2900333,432
38213719,191,0
38213719,4801,1
38213719,10331,1
38213719,212677,30
38213719,1951093,303
98572349,157,0
98572349,2087,0
98572349,44729,6
98572349,144511,21
98572349,7863007,1220
48546737,317,0
48546737,2797,1
48546737,26893,3
48546737,658961,99
48546737,1425667,210
23402947,223,0
23402947,1129,0
23402947,11159,1
23402947,507119,73
23402947,7226509,1110
45996947,787,0
45996947,1949,0
45996947,21149,3
45996947,215797,30
45996947,4579657,710
12847327,139,0
12847327,6379,1
12847327,23339,3
12847327,183527,25
12847327,1046687,149
21767461,421,0
21767461,1783,0
21767461,28597,3
21767461,456557,64
21767461,1134031,167
37496311,211,0
37496311,4513,0
37496311,28837,4
37496311,148691,20
37496311,2599693,389
65669353,461,1
65669353,1861,0
65669353,11677,2
65669353,693317,101
65669353,6626743,1022
61123427,599,0
61123427,3181,0
61123427,13933,2
61123427,123007,19
61123427,7358971,1134
27471991,241,0
27471991,1289,0
27471991,60149,9
27471991,970603,141
27471991,1005467,148
14945369,181,0
14945369,2237,0
14945369,25793,4
14945369,172279,23
14945369,2884571,429
61481977,613,0
61481977,1549,0
61481977,21313,3
61481977,258563,36
61481977,5872313,900
96165269,751,0
96165269,2749,1
96165269,95471,13
96165269,970481,145
96165269,2620181,401
70540859,223,0
70540859,7393,1
70540859,13381,2
70540859,218401,31
70540859,7482679,1160
13340753,269,0
13340753,6791,1
13340753,46507,6
13340753,131839,18
13340753,1165721,185
29352157,193,0
29352157,2089,0
29352157,50177,6
29352157,289669,43
29352157,4561547,682
63918991,347,0
63918991,7129,1
63918991,19739,3
63918991,413551,60
63918991,8227883,1285
71567201,479,0
71567201,7393,1
71567201,33479,5
71567201,421103,60
71567201,8123747,1272
99432409,769,0
99432409,2333,0
99432409,21121,2
99432409,616261,94
99432409,5434501,834
16632793,367,0
16632793,4973,1
16632793,41597,5
16632793,124567,17
16632793,9954151,1528
49329611,113,0
49329611,3203,0
49329611,68449,9
49329611,217027,31
49329611,1632457,253
14864909,401,0
14864909,6367,0
14864909,17383,3
14864909,244843,34
14864909,1580251,234
19579583,673,0
19579583,8563,1
19579583,55933,8
19579583,993589,146
19579583,3685247,560
16156243,397,0
16156243,2129,0
16156243,30869,5
16156243,873529,129
16156243,6585451,994
12377329,191,0
12377329,4003,0
12377329,90989,12
12377329,237571,33
12377329,4310351,642
56499371,971,0
56499371,8101,1
56499371,59197,8
56499371,399781,60
56499371,1936579,298
16337857,137,0
16337857,5669,1
16337857,29567,4
16337857,325693,46
16337857,6644537,1002
22712419,709,0
22712419,1123,0
22712419,38461,6
22712419,119291,17
22712419,3922273,596
11074079,317,0
11074079,2897,0
11074079,56957,8
11074079,425939,63
11074079,3189793,483
16377617,199,0
16377617,5479,0
16377617,32413,4
16377617,190271,26
16377617,4398577,673
47329757,739,0
47329757,3761,0
47329757,21943,3
47329757,210467,30
47329757,1007977,152
55790369,101,0
55790369,1993,0
55790369,15161,1
55790369,810443,117
55790369,3206339,479
124248919,739,1
124248919,5039,0
124248919,28109,4
124248919,150617,21
124248919,7795223,1216
124248919,23126951,3692
502266337,491,0
502266337,2791,1
502266337,57917,8
502266337,786803,125
502266337,1531337,231
502266337,93162143,15409
679930961,137,0
679930961,6521,0
679930961,52201,6
679930961,216157,31
679930961,4946759,764
679930961,28569493,4633
260481289,251,0
260481289,2039,0
260481289,15607,2
260481289,454159,65
260481289,1724617,260
260481289,49817539,8100
894930979,167,0
894930979,3089,0
894930979,26729,3
894930979,781271,119
894930979,3738781,582
894930979,11409529,1813
388572673,179,0
388572673,3011,1
388572673,36313,5
388572673,790709,118
388572673,2752447,419
388572673,23390369,3776
324021821,641,0
324021821,1861,0
324021821,24049,3
324021821,405287,61
324021821,1271609,194
324021821,41978653,6781
869748311,709,0
869748311,3593,1
869748311,23063,3
869748311,340649,51
869748311,1382959,211
869748311,64914637,10739
254508029,103,0
254508029,1231,0
254508029,21397,2
254508029,567649,84
254508029,2411729,371
254508029,31686517,5076
100336883,967,0
100336883,8581,1
100336883,44293,6
100336883,121697,17
100336883,1202437,180
100336883,51868331,8322
109751527,881,0
109751527,1031,1
109751527,50021,7
109751527,142421,19
109751527,1862381,281
109751527,16886027,2670
687663289,181,0
687663289,7369,1
687663289,74531,12
687663289,189947,27
687663289,2107717,322
687663289,16621967,2660
223669993,107,0
223669993,1283,1
223669993,14323,2
223669993,192631,29
223669993,7981333,1247
223669993,50969531,8264
256046939,211,0
256046939,5821,0
256046939,34429,4
256046939,287117,43
256046939,8690177,1360
256046939,17216747,2758
243217957,659,0
243217957,3331,1
243217957,19477,2
243217957,959471,142
243217957,2527391,385
243217957,64483931,10523
200290613,157,0
200290613,1571,2
200290613,61031,8
200290613,655531,95
200290613,5379403,831
200290613,18287389,2909
299457749,787,0
299457749,9787,1
299457749,16381,2
299457749,665299,99
299457749,1563259,236
299457749,59918861,9764
209166247,337,0
209166247,3803,0
209166247,83117,11
209166247,749011,110
209166247,1457371,219
209166247,41651773,6705
627820307,239,0
627820307,6899,2
627820307,27067,3
627820307,440677,64
627820307,1051747,160
627820307,10730273,1696
979897081,347,0
979897081,2081,0
979897081,11777,2
979897081,609391,90
979897081,4942111,773
979897081,49604717,8186
258542407,167,0
258542407,1979,1
258542407,10163,1
258542407,653503,95
258542407,1893481,282
258542407,12502187,1989
432772231,431,0
432772231,1579,1
432772231,56393,8
432772231,369419,56
432772231,1775041,278
432772231,53813581,8781
266016227,173,0
266016227,4987,0
266016227,47819,7
266016227,193957,29
266016227,1344163,207
266016227,11877601,1866
121329727,229,0
121329727,2713,0
121329727,23971,4
121329727,145307,21
121329727,5058667,786
121329727,22221449,3542
418182007,619,0
418182007,7753,1
418182007,42929,7
418182007,444863,63
418182007,1586539,241
418182007,10102973,1599
203689183,421,0
203689183,3259,0
203689183,11579,2
203689183,546587,80
203689183,1995107,300
203689183,10563559,1653
794831467,499,0
794831467,4933,0
794831467,56527,9
794831467,449971,71
794831467,7848689,1241
794831467,80128043,13374
652256243,811,0
652256243,3121,0
652256243,10909,2
652256243,528487,77
652256243,6199483,972
652256243,12972073,2094
107633551,811,1
107633551,2593,0
107633551,39901,5
107633551,767381,113
107633551,3006701,469
107633551,42771563,6852
304443493,409,1
304443493,4591,0
304443493,17137,3
304443493,929003,139
304443493,4847279,761
304443493,52491269,8534
173391107,953,0
173391107,1693,0
173391107,13711,1
173391107,223969,32
173391107,1162793,177
173391107,17101589,2703
224090459,127,0
224090459,6299,1
224090459,42071,5
224090459,712951,109
224090459,2241061,350
224090459,17687297,2808
229674157,449,0
229674157,5471,1
229674157,27299,4
229674157,435541,62
229674157,4083619,640
229674157,89247421,14599
388283743,167,0
388283743,3259,1
388283743,56437,8
388283743,100673,14
388283743,3409271,528
388283743,75622303,12477
117459743,101,0
117459743,6079,1
117459743,13241,2
117459743,177337,27
117459743,1352207,200
117459743,66634291,10731
256023293,397,0
256023293,4721,0
256023293,32507,5
256023293,525373,76
256023293,3668857,572
256023293,35628247,5753
172495283,409,0
172495283,4751,1
172495283,17783,3
172495283,261917,38
172495283,6551833,1012
172495283,33912691,5407
369327841,919,0
369327841,2411,0
369327841,11987,2
369327841,562631,82
369327841,4797799,754
369327841,11659927,1844
166980923,827,0
166980923,5519,1
166980923,48497,7
166980923,287501,41
166980923,3156371,484
166980923,10489991,1665
325866391,277,0
325866391,1613,1
325866391,75407,10
325866391,199109,29
325866391,3286111,501
325866391,62115281,10132
131995067,151,0
131995067,1213,1
131995067,48299,6
131995067,923551,137
131995067,5109857,787
131995067,36451799,5872
130033957,263,0
130033957,5981,1
130033957,38237,6
130033957,484397,70
130033957,3230831,489
130033957,28097921,4485
981064027,967,0
981064027,4133,0
981064027,25889,3
981064027,970667,146
981064027,2371297,371
981064027,22261189,3613
304590739,193,0
304590739,1123,0
304590739,68207,9
304590739,149551,22
304590739,8796481,1381
304590739,76495541,12572
659035451,197,0
659035451,2039,0
659035451,21839,3
659035451,844549,127
659035451,6818797,1074
659035451,12256019,1964
197216101,167,0
197216101,5641,1
197216101,25127,4
197216101,995669,147
197216101,3103279,477
197216101,25077167,3979
360543523,883,0
360543523,1747,0
360543523,20897,3
360543523,992317,163
360543523,7195679,1124
360543523,32036747,5207
241620287,199,0
241620287,8101,1
241620287,51329,7
241620287,407993,59
241620287,3272897,508
241620287,94942231,15567
131355373,109,0
131355373,1567,0
131355373,30859,4
131355373,281887,40
131355373,1192969,172
131355373,82307567,13326
429435197,547,0
429435197,3083,1
429435197,14797,2
429435197,156259,22
429435197,2990879,467
429435197,35395609,5755
439486981,503,0
439486981,1999,0
439486981,25763,4
439486981,141257,19
439486981,1871777,283
439486981,50799317,8294
342130693,127,0
342130693,8147,1
342130693,18593,4
342130693,171713,24
342130693,3635803,561
342130693,16875899,2705
119125469,353,0
119125469,2741,0
119125469,68447,10
119125469,232823,33
119125469,7995727,1245
119125469,86116193,14538
304207819,347,0
304207819,1831,0
304207819,12653,2
304207819,107243,17
304207819,1444763,216
304207819,26235007,4220
255502189,313,0
255502189,5407,0
255502189,19211,3
255502189,227167,32
255502189,3929977,611
255502189,12475877,1970
118880857,839,0
118880857,1571,0
118880857,79693,11
118880857,168193,24
118880857,2464177,373
118880857,28229191,4480
126733889,109,0
126733889,3821,1
126733889,39703,5
126733889,154057,23
126733889,2730569,424
126733889,36611089,5901
126626077,211,0
126626077,3061,1
126626077,87961,12
126626077,825073,126
126626077,2773817,421
126626077,57552827,9270
660961351,419,0
660961351,1879,0
660961351,22051,3
660961351,128239,19
660961351,5273419,815
660961351,66351487,10930
177464227,887,1
177464227,1931,0
177464227,95723,13
177464227,799609,117
177464227,2165747,336
177464227,34238989,5481
700636451,397,0
700636451,4597,1
700636451,85703,12
700636451,100379,14
700636451,5065409,793
700636451,33995023,5514
164673037,523,0
164673037,6733,1
164673037,14153,2
164673037,430883,62
164673037,4021247,629
164673037,13059793,2053
157624499,383,0
157624499,2027,1
157624499,14891,2
157624499,269167,39
157624499,5100943,789
157624499,52627867,8568
428491993,757,0
428491993,7517,1
428491993,10459,1
428491993,472631,68
428491993,5060677,791
428491993,79212481,13065
889599959,211,1
889599959,2029,0
889599959,32059,4
889599959,868771,135
889599959,4323289,677
889599959,60890153,10052
212390777,257,0
212390777,1831,0
212390777,58171,8
212390777,232013,32
212390777,5186953,806
212390777,31097111,5008
804941611,359,0
804941611,3023,1
804941611,25121,3
804941611,743851,111
804941611,1765469,268
804941611,33627719,5488
723134197,359,0
723134197,5813,1
723134197,49103,7
723134197,179453,26
723134197,2092217,318
723134197,45913303,7527
292107971,449,0
292107971,3947,1
292107971,98221,14
292107971,141209,20
292107971,6587809,1029
292107971,13499999,2141
582962581,167,0
582962581,9437,1
582962581,63601,8
582962581,890609,132
582962581,1526351,237
582962581,18793963,3062
1768553869,653,0
1768553869,2221,0
1768553869,76103,10
1768553869,467869,72
1768553869,7796869,1242
1768553869,16067113,2595
1768553869,145154783,24466
1348608949,653,0
1348608949,9803,1
1348608949,44699,6
1348608949,127037,18
1348608949,3879919,608
1348608949,13618453,2188
1348608949,465415397,80002
2242765639,883,1
2242765639,6151,0
2242765639,66373,10
2242765639,549863,82
2242765639,4081871,652
2242765639,12411293,1986
2242765639,583187939,101268
3297504179,337,0
3297504179,2113,1
3297504179,26111,3
3297504179,214283,31
3297504179,6564317,1060
3297504179,21972271,3609
3297504179,167386601,28695
2768407073,223,0
2768407073,2099,0
2768407073,51431,9
2768407073,177421,27
2768407073,6133873,1030
2768407073,27516221,4524
2768407073,937240553,167427
4075385837,641,0
4075385837,7307,1
4075385837,10243,2
4075385837,462263,69
4075385837,2437559,386
4075385837,25272763,4182
4075385837,302881277,52824
1037443261,457,0
1037443261,3877,1
1037443261,16649,2
1037443261,924359,152
1037443261,6168499,1036
1037443261,27583603,4611
1037443261,852030919,147239
3465504197,397,0
3465504197,4567,0
3465504197,36343,5
3465504197,351287,52
3465504197,3358669,523
3465504197,35739793,5949
3465504197,178289231,30503
6662527043,397,0
6662527043,6949,3
6662527043,15299,4
6662527043,788621,160
6662527043,4148819,815
6662527043,31104971,6290
6662527043,361265123,75871
3325494329,137,0
3325494329,1667,1
3325494329,65203,9
3325494329,761521,125
3325494329,6111613,1042
3325494329,93435967,16866
3325494329,910720807,172941
5937010913,193,0
5937010913,3109,1
5937010913,12589,2
5937010913,415607,84
5937010913,4997393,974
5937010913,12895919,2589
5937010913,399962881,83857
1366568891,463,0
1366568891,1783,0
1366568891,33107,5
1366568891,498227,79
1366568891,1481197,249
1366568891,25590833,4509
1366568891,353774027,65249
3366722273,199,0
3366722273,4523,1
3366722273,82193,12
3366722273,141233,22
3366722273,6308761,1087
3366722273,11742959,2055
3366722273,409917173,76097
5089466717,101,0
5089466717,1193,0
5089466717,26633,4
5089466717,962509,184
5089466717,1342501,269
5089466717,11183017,2214
5089466717,191814377,39611
5818202207,641,0
5818202207,3019,0
5818202207,14207,2
5818202207,606967,115
5818202207,5234743,1027
5818202207,16549387,3310
5818202207,822724709,173675
1669483399,457,0
1669483399,1873,0
1669483399,11867,2
1669483399,216569,34
1669483399,3512969,585
1669483399,12930011,2257
1669483399,529100419,97443
5417579147,109,0
5417579147,3803,0
5417579147,29137,5
5417579147,105319,19
5417579147,3949027,807
5417579147,23307569,4748
5417579147,160257787,33128
5188308869,683,1
5188308869,8581,1
5188308869,54629,10
5188308869,907957,173
5188308869,5858267,1166
5188308869,21717067,4340
5188308869,239797721,49962
9125235277,337,0
9125235277,2293,2
9125235277,45541,12
9125235277,803963,177
9125235277,5857067,1273
9125235277,95625709,21799
9125235277,112636969,25705
1610903213,421,0
1610903213,3691,0
1610903213,16619,3
1610903213,822391,135
1610903213,3424067,584
1610903213,13811663,2417
1610903213,755102639,140342
5774065559,173,0
5774065559,3167,0
5774065559,20393,4
5774065559,175481,34
5774065559,5635843,1122
5774065559,36686149,7600
5774065559,962610503,207664