Number,Time,isPrime
948,0,false
399,0,false
896,0,false
554,0,false
826,0,false
618,0,false
258,0,false
853,0,true
828,0,false
875,0,false
535,0,false
137,0,true
856,0,false
755,0,false
653,0,true
498,0,false
473,0,false
281,0,true
554,0,false
693,0,false
367,0,true
678,0,false
737,0,false
420,0,false
534,0,false
183,0,false
766,0,false
948,0,false
755,0,false
689,0,false
462,0,false
122,0,false
654,0,false
751,0,true
385,0,false
127,0,true
137,0,true
573,0,false
224,0,false
668,0,false
249,0,false
662,0,false
757,0,true
283,0,true
223,0,true
768,0,false
760,0,false
352,0,false
868,0,false
352,0,false
7637,0,false
7915,0,false
2154,0,false
1898,0,false
2611,0,false
8325,0,false
1695,0,false
8335,0,false
6612,0,false
5317,0,false
6187,0,false
7174,0,false
5348,0,false
9775,0,false
6870,0,false
2573,0,false
8842,0,false
1397,0,false
6218,0,false
7994,0,false
2186,0,false
8114,0,false
1989,0,false
3423,0,false
1190,0,false
9675,0,false
2696,0,false
1890,0,false
6434,0,false
2319,0,false
6556,0,false
8297,0,true
9838,0,false
3217,0,true
9613,0,true
7474,0,false
3915,0,false
5590,0,false
8230,0,false
5821,0,true
7726,0,false
6455,0,false
1365,0,false
1325,0,false
5798,0,false
7649,0,true
7482,0,false
4461,0,false
4616,0,false
7236,0,false
26686,0,false
46890,0,false
55598,0,false
34251,0,false
26719,0,false
26723,0,true
68199,0,false
43540,0,false
33827,0,true
85731,0,false
27711,0,false
95530,0,false
55256,0,false
29358,0,false
53766,0,false
39862,0,false
37531,0,false
49241,0,false
27456,0,false
26245,0,false
97333,0,false
46463,0,false
47134,0,false
93237,0,false
87984,0,false
82192,0,false
26739,0,false
74840,0,false
22435,0,false
54986,0,false
28498,0,false
37235,0,false
17594,0,false
43918,0,false
93882,0,false
66563,0,false
68628,0,false
75256,0,false
66382,0,false
68340,0,false
58541,0,false
42757,0,false
21589,0,true
75430,0,false
36899,0,true
46727,0,true
51796,0,false
38466,0,false
76536,1,false
14839,0,false
229881,0,false
122263,0,true
494277,0,false
876735,0,false
887634,0,false
718571,0,false
694149,0,false
415688,0,false
135944,0,false
443787,0,false
626521,0,false
918145,0,false
398941,0,true
236598,0,false
923767,0,false
813346,0,false
813243,0,false
586495,0,false
235782,0,false
226426,0,false
565221,0,false
213798,0,false
332231,0,false
445341,0,false
991550,0,false
832393,0,false
164839,0,true
329239,0,false
796723,0,false
139254,0,false
996898,0,false
285814,0,false
357348,0,false
377825,0,false
886786,0,false
558893,0,true
832764,0,false
867594,0,false
929112,0,false
248739,0,false
956842,0,false
581121,0,false
879275,0,false
862756,0,false
388983,0,false
936133,0,false
394798,0,false
443357,0,false
273531,0,false
877850,0,false
5711325,0,false
6338239,0,true
7885288,0,false
5553382,0,false
7893494,0,false
7674782,0,false
2645923,0,false
3951972,0,false
8437510,0,false
1432880,0,false
7495856,0,false
7212552,0,false
4437161,1,true
5581668,0,false
6442978,0,false
9642216,0,false
6119491,0,false
6781534,0,false
5478257,0,false
2613413,0,false
1228474,0,false
2454547,0,false
7497724,0,false
2262348,0,false
5665733,0,true
4643546,0,false
3786746,0,false
5978410,0,false
4813530,0,false
6965398,0,false
4816961,0,false
9277232,0,false
8595535,0,false
7437348,0,false
8641458,0,false
1738584,0,false
4879880,0,false
3796759,0,false
3162430,0,false
5942733,0,false
1429285,0,false
1795259,0,false
7182691,0,false
5833777,1,true
7365435,0,false
6517665,0,false
9121477,0,false
7254159,0,false
9257719,0,false
3842333,0,false
19124791,0,false
39581645,0,false
33689398,0,false
11971685,0,false
96244194,0,false
18388395,0,false
25556766,0,false
37929198,0,false
89969351,0,false
43483428,0,false
36724323,0,false
99326697,0,false
95169889,0,false
17136895,0,false
92573122,0,false
79168954,0,false
69943662,0,false
57276286,0,false
84729635,0,false
65959746,0,false
28537213,0,false
22831727,1,true
53721533,0,false
83535817,0,false
79361663,0,true
82117378,0,false
51666254,0,false
12842623,0,true
11392789,0,false
23659693,0,false
33897749,0,true
44798892,0,false
88423416,0,false
68985716,0,false
36128395,0,false
38613741,0,false
14468222,0,false
61245461,0,false
71956617,0,false
45967176,0,false
22583255,0,false
48588172,0,false
37171318,0,false
79483142,0,false
68896670,0,false
94898398,0,false
14594943,0,false
11463570,0,false
99315699,0,false
69135913,0,false
181481258,0,false
471344740,0,false
397699545,0,false
886821955,0,false
224175981,0,false
454888436,0,false
359369270,0,false
874536516,0,false
846299743,0,false
335458960,0,false
412713987,0,false
252432997,1,false
934874125,0,false
917651320,0,false
323299986,0,false
955973591,0,false
537259394,0,false
316976155,0,false
548595140,0,false
412642135,0,false
272679928,0,false
947246929,0,false
531383424,0,false
643839728,0,false
238976337,0,false
678733227,0,false
252195155,0,false
973523581,0,false
152387382,0,false
452593719,0,false
116522142,0,false
935253563,0,false
413285226,0,false
187599352,0,false
453864670,0,false
638248486,0,false
918238351,1,true
117283499,0,false
753147136,0,false
889292864,0,false
762787163,0,false
614996215,0,false
959128643,0,false
275645961,0,false
818353781,0,false
171247624,0,false
636845228,0,false
561734799,0,false
124613139,0,false
949365421,0,false
8319341443,0,false
9777469528,0,false
3861547786,0,false
3658655585,0,false
1336619764,0,false
2784319938,0,false
1597322929,0,false
5371245717,0,false
6461722721,4,true
8979393896,0,false
2197622265,0,false
9774644192,0,false
1118485179,0,false
4469262788,0,false
4377939144,0,false
1446177790,0,false
4735428113,0,false
5254947274,0,false
1562265619,0,false
7391778930,0,false
3744212184,0,false
6564319471,0,false
2395973364,0,false
8326315250,0,false
5293855659,0,false
1926578587,0,false
1288339541,1,true
3512544398,0,false
8662671438,0,false
3177295958,0,false
2153154675,0,false
9576134292,0,false
7827975884,0,false
8995516391,0,false
5218396640,0,false
9717968937,0,false
3689625213,0,false
5499551927,0,false
4375957538,0,false
1537787992,0,false
5231284964,0,false
5593241636,0,false
7696674348,0,false
8882897337,0,false
2213613948,0,false
9922971660,0,false
8834916175,0,false
1342123835,0,false
8761946994,0,false
8631521773,0,false
75475721831,0,false
47846641565,0,false
29995521771,0,false
15148842360,0,false
85266749824,0,false
72828348232,0,false
82839327344,0,false
14854541993,2,false
42626821657,0,false
99874768337,0,false
44385228129,0,false
68658718835,0,false
55485721788,0,false
12919389598,0,false
48829248977,0,false
86775973410,0,false
45713728555,0,false
12736782612,0,false
35442233762,0,false
19389935232,0,false
72966761683,11,true
15367862598,0,false
79117765742,0,false
12487231452,0,false
64375338810,0,false
66278578340,0,false
31768983326,0,false
43484595239,0,false
29375389957,7,true
77956612165,0,false
65824452835,0,false
67793942625,0,false
55994586910,0,false
86753767392,0,false
97599346947,0,false
85782591231,0,false
42181986569,0,false
12151852648,0,false
89381816358,0,false
92118669592,0,false
62474375547,0,false
11489377723,0,false
95967242936,0,false
31459488395,0,false
27855958221,0,false
24951422687,0,false
69295798273,0,false
65938881111,0,false
34452976310,0,false
16849724774,0,false
362844118937,0,false
852279976218,0,false
118956611327,14,true
668958456359,35,true
733564493768,0,false
329847323623,0,false
442431232131,0,false
628517566616,0,false
675159981197,0,false
576959243124,0,false
625869845832,0,false
875799226368,0,false
793711453759,0,false
823248513839,0,false
977415234923,0,false
777863985727,0,false
125233193319,0,false
655854653817,0,false
631647497882,0,false
314118172415,0,false
736752347751,0,false
344865138491,0,false
133172157795,0,false
938343814389,0,false
261486926459,0,false
328253142560,0,false
139125669824,0,false
168325774136,0,false
342742762634,0,false
767792971827,0,false
115696484668,0,false
538837129794,0,false
839516918784,0,false
713395585742,0,false
694798218227,0,false
657296812312,0,false
282241487352,0,false
171181323151,16,true
851716622567,1,false
476551532990,0,false
693285433232,0,false
889454234589,0,false
716793875494,0,false
249356929526,0,false
386353662681,0,false
878772917552,0,false
431819872856,0,false
377142795670,0,false
457343246777,28,true
214677871920,0,false
6979284416256,0,false
8925989267846,0,false
4374315557793,0,false
5662364792282,0,false
5428597745861,104,true
8661839375277,0,false
5973138484389,0,false
1494561446214,0,false
9189362289955,0,false
5327812217467,96,true
7191726593126,0,false
3772131574373,4,false
7157412114613,0,false
8688672393150,0,false
3833398452410,0,false
8739171454223,0,false
7939598619594,0,false
4321238819115,0,false
1945545458123,0,false
1599886536963,0,false
2389649656367,0,false
3725865655976,0,false
3649816153842,0,false
7758229738869,0,false
2925955222572,0,false
6749275645455,0,false
8843892566784,0,false
5936668344678,1,false
2531522365865,0,false
4613511614115,0,false
3448844182680,0,false
2594588891813,0,false
7349788395441,0,false
7811484428139,0,false
4356154446260,0,false
3753829411484,0,false
1678243293984,0,false
4562177261290,0,false
5372841565722,0,false
4548173856835,0,false
9698199755947,0,false
4687245572754,0,false
7136483276248,0,false
3865813163618,0,false
1529258726217,0,false
7225176127111,0,false
2271384265774,0,false
9587928229830,0,false
9196313425213,0,false
9735278912674,0,false
66179681163515,0,false
37728296687538,0,false
74516542641846,0,false
44115223523267,0,false
25119842437244,0,false
48184689383510,0,false
87845265443848,0,false
42399936338628,0,false
34335163496431,0,false
94447318421784,0,false
26191542156611,0,false
93749314895227,405,true
67534985115113,0,false
56921837394880,0,false
45181843732397,0,false
74857734441484,0,false
23523916167360,0,false
73279138127489,0,false
51831749319265,0,false
16656448175497,0,false
64341361392475,0,false
88878782713472,0,false
61924117485310,0,false
78599449488233,0,false
58825872118793,0,false
31553497327889,8,false
65693143529746,0,false
51987189291527,0,false
83932427584496,0,false
67628738218384,0,false
83657273954581,0,false
16853391933481,0,false
28249811243258,0,false
97936299892370,0,false
12282424394499,0,false
63966328288499,0,false
74548729596924,0,false
22469189129191,0,false
84352317134637,0,false
39728228866520,0,false
16765825993468,0,false
27273928888968,0,false
51634678341295,0,false
28443894456741,0,false
89338596216831,0,false
35362814647630,0,false
21641897393149,0,false
46667792764587,0,false
26382553983750,0,false
21989111823596,0,false
915411247883121,0,false
379472576827150,0,false
936136143976896,0,false
939128751273824,0,false
535518574834558,0,false
665279236687295,0,false
345428265178162,0,false
287793488415219,0,false
633744693457727,0,false
674322284737934,0,false
787464974184849,0,false
358678129381156,0,false
675276325119730,0,false
871319997866186,0,false
977397462495428,0,false
224286111666618,0,false
423246573583364,0,false
455123919821425,0,false
428821993519458,0,false
197971355434128,0,false
228484774284978,0,false
323154262496649,0,false
854326488979891,0,false
732132934862336,0,false
681321125662840,0,false
161518174973887,0,false
488285992871118,0,false
491279816464732,0,false
122462888824221,0,false
444583934466710,0,false
894988784483788,0,false
261122761695651,0,false
671532236545830,0,false
795798122314736,0,false
439851185619113,0,false
156667257239290,0,false
391242384176455,0,false
799431894254418,0,false
999784246953176,0,false
777815987483782,0,false
682153542645592,0,false
413519692636987,0,false
248135618216237,0,false
158859789914883,0,false
716675398527344,0,false
651688899173318,0,false
599499368971186,0,false
986525567485757,0,false
981559622766897,0,false
371581982642664,0,false
7344861693724283,0,false
2397551675137446,0,false
3139615231126237,2156,true
6354685784953940,0,false
7683298836914727,0,false
9541574282559778,0,false
7175361179418546,0,false
2713378459848921,0,false
8129993836433924,0,false
7459863139998261,0,false
1263653435423753,0,false
2836241423587473,0,false
8996867339565684,0,false
8955357921278412,1,false
2933382714754689,0,false
1671358788873498,0,false
6544846932592967,0,false
5192744374659911,0,false
3288512869187353,0,false
6878391275774211,0,false
3954237614681489,0,false
4696569111962871,0,false
8686318266438895,0,false
4593535335297772,0,false
6389418824551877,0,false
7574919375352872,0,false
1424262544952862,0,false
2355487464522488,0,false
4231226584947277,0,false
7688819839615733,0,false
3433386975976368,0,false
8787688551852169,0,false
6556481883758947,0,false
1561615613312620,0,false
2556194357659562,0,false
8562232464364397,0,false
6443372928977191,0,false
2729717471352228,0,false
2619773568612497,0,false
2771828355328210,0,false
9582153721161489,0,false
5322434891682779,0,false
6184394829236321,0,false
6935819495777328,0,false
6455198427389635,0,false
4898894825553486,0,false
7681711712976396,0,false
9455917977866892,0,false
7753895373322323,0,false
1586418611141982,0,false
55214977523538912,0,false
25819277678178970,0,false
72569473971325867,0,false
68646682216627462,0,false
25792873892143382,0,false
54368175889152565,0,false
87285444514479422,0,false
19622547787979178,0,false
45224678718294564,0,false
83126436678973991,0,false
27397296426866424,0,false
49587913887249118,0,false
68265834451281225,0,false
39628717364785699,0,false
98378789123136821,0,false
87117456277582862,0,false
97769791844794596,0,false
75842294281522149,0,false
34828879339295420,0,false
76997984223444990,0,false
36722279935656255,0,false
65952989157297536,0,false
78826822731619321,0,false
64691985825635931,0,false
65541622137189222,0,false
25885912489898725,0,false
29422282819748685,0,false
81113798849844492,0,false
62328465121231675,0,false
12963657545285939,4282,true
89637232667838952,0,false
79187387568249132,0,false
23714568488973151,1,false
17716321661251678,0,false
76821781626384476,0,false
11331863184511780,0,false
71293537885215338,0,false
74852575833166330,0,false
19958621248162770,0,false
37733512113948462,0,false
73125816562365564,0,false
93425699472171715,0,false
17792665145248548,0,false
12275793725698855,0,false
36735814576989514,0,false
16189249569997470,0,false
76976327659677414,0,false
94477965834161881,11561,true
13648813142469846,0,false
98313433635841449,0,false